icb_crisno,icb_crisname,raw_crisname
15,AALAND ISLANDS,AALAND ISLANDS
344,ABLE ARCHER 83,ABLE ARCHER 83
164,ABORT. COUP INDONESIA,ABORTIVE COUP-INDONESIA
272,AEGEAN SEA I,AEGEAN SEA I
349,AEGEAN SEA II,AEGEAN SEA II
376,AEGEAN SEA III,AEGEAN SEA III
417,AEGEAN SEA IV,AEGEAN SEA IV
303,AFGHANISTAN INVASION,AFGHANISTAN INVASION
434,AFGHANISTAN/US,AFGHANISTAN-USA
293,AIR RHODESIA INCDNT.,AIR RHODESIA INCIDENT
23,ALBANIAN FRONTIER,ALBANIAN FRONTIER
327,AL-BIQA MISSILES I,AL-BIQA MISSILES I
357,AL-BIQA MISSILES II,AL-BIQA MISSILES II
364,AL-DIBAL INCIDENT,AL-DIBAL INCIDENT
53,ALEXANDRETTA,ALEXANDRETTA
199,ALGERIA/MOROCCO BDR.,ALGERIA-MOROCCO BORDER
55,AMUR RIVER INCIDENT,AMUR RIVER INCIDENT
297,ANGOLA INVASION SCARE,ANGOLA INVASION SCARE
60,ANSCHLUSS,ANSCHLUSS
46,ASSN. KING ALEXANDER,ASSASSINATION OF KING ALEXANDER
368,ATTEMPTED COUP-TOGO,ATTEMPTED COUP IN TOGO
22,AUSTRIAN SEPARATISTS,AUSTRIAN SEPARATISTS
45,AUSTRIA PUTSCH,AUSTRIA PUTSCH
108,AZERBAIJAN,AZERBAIJAN
148,BAGHDAD PACT,BAGHDAD PACT
83,BALKAN INVASIONS,BALKAN INVASION
4,BALTIC INDEPENDENCE,BALTIC INDEPENDENCE
242,BANGLADESH,BANGLADESH
85,BARBAROSSA,BARBAROSSA
348,BASRA-KHARG ISLAND,BASRA-KHARG ISLAND
81,BATTLE OF BRITAIN,BATTLE OF BRITAIN
181,BAY OF PIGS,BAY OF PIGS
287,BEAGLE CHANNEL I,BEAGLE CHANNEL I
295,BEAGLE CHANNEL II,BEAGLE CHANNEL II
229,BEIRUT AIRPORT,BEIRUT AIRPORT
262,BELIZE I,BELIZE I
279,BELIZE II,BELIZE II
123,BERLIN BLOCKADE,BERLIN BLOCKADE
168,BERLIN DEADLINE,BERLIN DEADLINE
185,BERLIN WALL,BERLIN WALL
10,BESSARABIA,BESSARABIA
184,BIZERTA,BIZERTA
238,BLACK SEPTEMBER,BLACK SEPTEMBER
355,BOTSWANA RAID,BOTSWANA RAID
188,BREAKUP OF UAR,BREAKUP OF UAR
398,BUBIYAN,BUBIYAN
32,BULGARIA/GREEK FRONT,BULGARIA-GREEK FRONTIER
48,BULGARIA/TURKEY,BULGARIA-TURKEY
24,BURGENLAND DISPUTE,BURGENLAND DISPUTE
359,BURKINA FASO/MALI BDR,BURKINA FASO-MALI BORDER
138,BURMA INFILTRATION,BURMA INFILTRATION
205,BURUNDI/RWANDA,BURUNDI-RWANDA
236,CAIRO AGREEMENT-PLO,CAIRO AGREEMENT-PLO
388,CAMBODIA PEACE CONF.,CAMBODIA PEACE CONFERENCE
167,CAMBODIA/THAILAND,CAMBODIA-THAILAND
328,CAMEROON/NIGERIA I,CAMEROON-NIGERIA I
377,CAMEROON/NIGERIA II,CAMEROON-NIGERIA II
410,CAMEROON/NIGERIA III,CAMEROON-NIGERIA III
244,CAPRIVI STRIP,CAPRIVI STRIP
361,CAPTURE OF AL-FAW,CAPTURE OF AL-FAW
433,CASPIAN SEA,CASPIAN SEA
291,CASSINGA INCIDENT,CASSINGA INCIDENT
137,CATALINA AFFAIR,CATALINA AFFAIR
170,CEN. AMERICA/CUBA I,CENTRAL AMERICA-CUBA I
178,CEN. AMERICA/CUBA II,CENTRAL AMERICA-CUBA II
37,CHACO I,CHACO I
41,CHACO II,CHACO II
243,CHAD/LIBYA I,CHAD-LIBYA I
288,CHAD/LIBYA II,CHAD-LIBYA II
290,CHAD/LIBYA III,CHAD-LIBYA III
304,CHAD/LIBYA IV,CHAD-LIBYA IV
321,CHAD/LIBYA V,CHAD-LIBYA V
342,CHAD/LIBYA VI,CHAD-LIBYA VI
362,CHAD/LIBYA VII,CHAD-LIBYA VII
370,CHAD/LIBYA VIII,CHAD-LIBYA VIII
370,CHAD/LIBYA VIII,CHAD-LIBYA VIII1
341,CHAD/NIGERIA CLASHES,CHAD-NIGERIA CLASHES
447,CHAD-SUDAN I,CHAD-SUDAN I
449,CHAD-SUDAN II,CHAD-SUDAN II
453,CHAD-SUDAN III,CHAD-SUDAN III
455,CHAD-SUDAN IV,CHAD-SUDAN IV1
455,CHAD-SUDAN IV,CHAD-SUDAN IV2
460,CHAD-SUDAN V,Chad-Sudan V1
26,CHANAK,CHANAK
63,CHANGKUFENG,CHANGKUFENG
221,CHE GUEVARA-BOLIVIA,CHE GUEVARA-BOLIVIA
461,CHEONAN SINKING,Cheonan Sinking1
286,CHIMOIO-TEMBUE RAIDS,CHIMOIO-TEMBUE RAIDS
125,CHINA CIVIL WAR,CHINA CIVIL WAR
171,CHINA/INDIA BRD. I,CHINA-INDIA BORDER I
194,CHINA/INDIA BDR. II,CHINA-INDIA BORDER II
38,CHINESEE RAILWAY,CHINESE EASTERN RAILWAY
472,CHINESE OIL RIG,Chinese Oil Rig1
249,CHRISTMAS BOMBING,CHRISTMAS BOMBING
239,CIENFUEGOS SUB. BASE,CIENFUEGOS SUBMARINE BASE
11,CILICIAN WAR,CILICIAN WAR
79,CLOSURE-BURMA ROAD,CLOSURE OF BURMA ROAD
254,COD WAR I,COD WAR I
263,COD WAR II,COD WAR II
310,COLOMBIA/NICARAGUA,COLOMBIA-NICARAGUA
121,COMMUNISM IN CZECH.,COMMUNISM IN CZECHOSLOVAKIA
113,COMMUNISM IN HUNGARY,COMMUNISM IN HUNGARY
110,COMMUNISM IN POLAND,COMMUNISM IN POLAND
102,COMMUNISM IN ROMANIA,COMMUNISM IN ROMANIA
240,CONAKRY RAID,CONAKRY RAID
211,CONGO II,CONGO II
176,CONGO I-KATANGA,CONGO I-KATANGA
326,CONTRAS I,CONTRAS I
369,CONTRAS II,CONTRAS II
383,CONTRAS III,CONTRAS III
389,CONTRAS IV,CONTRAS IV
28,CORFU INCIDENT,CORFU INCIDENT
2,COSTA RICAN COUP,COSTA RICAN COUP
126,COSTA RICA/NIC. I,COSTA RICA-NICARAGUA I
147,COSTA RICA/NIC. II,COSTA RICA-NICARAGUA II
19,COSTA RICA/PANAMA BDR,COSTA RICA-PANAMA BORDER
465,COTE D'IVOIRE PRESIDENTIAL CRISIS,Cote dâIvoire Presidential Crisis1
334,COUP ATTEMPT IN BAHRAIN,COUP ATTEMPT IN BAHRAIN
329,COUP ATTEMPT IN THE GAMBIA,COUP ATTEMPT IN THE GAMBIA
471,CRIMEA-DONBASS,Crimea-Donbass1
471,CRIMEA-DONBASS,Crimea-Donbass2
117,CUBA/DOMINICAN REP.,CUBA-DOMINICAN REPUBLIC
196,CUBAN MISSILES,CUBAN MISSILES
200,CUBA/VENEZUELA,CUBA-VENEZUELA
202,CYPRUS I,CYPRUS I
223,CYPRUS II,CYPRUS II
257,CYPRUS III,CYPRUS III
423,CYPRUS/TURKEY MISSILE,CYPRUS-TURKEY MISSILE CRISIS
62,CZECH. MAY CRISIS,CZECHOSLOVAKIA MAY CRISIS
68,CZECH. ANNEXATION,CZECHOSLOVAKIA'S ANNEXATION
204,DAHOMEY/NIGER,DAHOMEY-NIGER
70,DANZIG,DANZIG
94,D-DAY,D-DAY
419,DESERT STRIKE,DESERT STRIKE
145,DIEN BIEN PHU,DIEN BIEN PHU
456,DJIBOUTI-ERITREA,DjiboutiâEritrea1
215,DOMINICAN INTERVENTN.,DOMINICAN INTERVENTION
58,DOM. REP./HAITI I,DOMINICAN REPUBLIC-HAITI I
198,DOM. REP./HAITI II,DOMINICAN REPUBLIC-HAITI II
426,DRC CIVIL WAR,DRC CIVIL WAR
444,DRC/RWANDA,DRC-RWANDA
82,E. AFRICA CAMPAIGN,EAST AFRICA CAMPAIGN
320,E. AFRICA CONFRONT.,EAST AFRICA CONFRONTATION
207,E. AFRICA REBELLIONS,EAST AFRICA REBELLIONS
141,E. GERMAN UPRISING,EAST GERMAN UPRISING
264,EAST TIMOR I,EAST TIMOR I
432,EAST TIMOR II,EAST TIMOR II
233,EC-121 SPY PLANE,EC-121 SPY PLANE
50,ECUADOR/PERU BDR. I,ECUADOR-PERU BORDER I
86,ECUADOR/PERU BDR II,ECUADOR-PERU BORDER II
322,ECUADOR/PERU BDR. III,ECUADOR-PERU BORDER III
400,ECUADOR/PERUBDR. IV,ECUADOR-PERU BORDER IV
413,ECUADOR/PERU V,ECUADOR-PERU V
358,EGYPT AIR HIJACKING,EGYPT AIR HIJACKING
281,EGYPT/LIBYA CLASHES,EGYPT-LIBYA CLASHES
163,EGYPT/SUDAN BORDER I,EGYPT-SUDAN BORDER I
402,EGYPT/SUDAN BDR. II,EGYPT-SUDAN BORDER II
90,EL ALAMEIN,EL ALAMEIN
220,EL SAMU,EL SAMU
270,ENTEBBE RAID,ENTEBBE RAID
74,ENTRY WWII,ENTRY INTO WWII
74,ENTRY WWII,ENTRY INTO WWII1
74,ENTRY WWII,ENTRY INTO WWII2
74,ENTRY WWII,ENTRY INTO WWII3
228,ESSEQUIBO I,ESSEQUIBO I
325,ESSEQUIBO II,ESSEQUIBO II
424,ETHIOPIA-ERITREA I,ETHIOPIA-ERITREA
446,ETHIOPIA-ERITREA II,ETHIOPIA-ERITREA II
454,ETHIOPIA-ERITREA III,ETHIOPIA-ERITREA III
452,ETHIOPIA INVASION SOMALIA,ETHIOPIA INVASION SOMALIA
452,ETHIOPIA INVASION SOMALIA,ETHIOPIA INVASION SOMALIA2
47,ETHIOPIAN WAR,ETHIOPIAN WAR
47,ETHIOPIAN WAR,ETHIOPIAN WAR1
47,ETHIOPIAN WAR,ETHIOPIAN WAR2
179,ETHIOPIA/SOMALIA,ETHIOPIA-SOMALIA
346,ETHIOP./SUDAN TENSION,ETHIOPIA-SUDAN TENSION
356,EXPULSION-TUNISIANS,EXPULSION OF TUNISIANS
175,FAILED ASS. VENEZUELA,FAILED ASSASSINATION-VENEZUELA
336,FALKLANDS/MALVINAS,FALKLANDS/MALVINAS
296,FALL OF AMIN,FALL OF AMIN
91,FALL OF ITALY,FALL OF ITALY
95,FALL OF SAIPAN,FALL OF SAIPAN
78,FALL OF WEST EUROPE,FALL OF WESTERN EUROPE
258,FINAL N. VIETNAM OFF.,FINAL NORTH VIETNAM OFFENSIVE
100,FINAL SOVIET OFFENS.,FINAL SOVIET OFFENSIVE
9,FINNISH/RUSSIAN BDR.,FINNISH-RUSSIAN BORDER
76,FINNISH WAR,FINNISH WAR
235,FOOTBALL WAR,FOOTBALL WAR
399,FOREIGN INTERV.-ZAIRE,FOREIGN INTERVENTION IN ZAIRE
162,FORMATION OF UAR,FORMATION OF UAR
158,FRANCE/TUNISIA,FRANCE-TUNISIA
105,FRENCH FORCES/SYRIA,FRENCH FORCES-SYRIA
285,FRENCH HOSTAGES MAUR.,FRENCH HOSTAGES MAURITANIA
332,GALTAT ZEMMOUR I,GALTAT ZEMMOUR I
390,GALTAT ZEMMOUR II,GALTAT ZEMMOUR II
149,GAZA RAID-CZECH. ARMS,GAZA RAID-CZECHOSLOVKIA ARMS
407,GEORGIA/ABKHAZIA,GEORGIA-ABKHAZIA
407,GEORGIA/ABKHAZIA,GEORGIA-ABKHAZIA1
407,GEORGIA/ABKHAZIA,GEORGIA-ABKHAZIA2
92,GERMAN OCCUP.-HUNGARY,GERMAN OCCUPATION OF HUNGARY
20,GERMAN REPARATIONS,GERMAN REPARATIONS
174,GHANA/TOGO BORDER I,GHANA-TOGO BORDER I
396,GHANA/TOGO BORDER II,GHANA-TOGO BORDER II
151,GOA I,GOA I
190,GOA II,GOA II
305,GOULIMIME-TARFAYA RD,GOULIMIME-TARFAYA ROAD
16,GREECE/TURKEY WAR I,GREECE-TURKEY WAR I
18,GREECE/TURKEY WAR II,GREECE-TURKEY WAR II
25,GREECE/TURKEY WAR III,GREECE-TURKEY WAR III
98,GREEK CIVIL WAR I,GREEK CIVIL WAR I
112,GREEK CIVIL WAR II,GREEK CIVIL WAR II
144,GUATEMALA,GUATEMALA
217,GUINEA REGIME,GUINEA REGIME
330,GULF OF SYRTE I,GULF OF SYRTE I
363,GULF OF SYRTE II,GULF OF SYRTE II
210,GULF OF TONKIN,GULF OF TONKIN
393,GULF WAR,GULF WAR
393,GULF WAR,GULF WAR1
393,GULF WAR,GULF WAR2
443,HAIFA SUICIDE BOMBING,HAIFA SUICIDE BOMBING
411,HAITI MIL. REGIME,HAITI MILITARY REGIME
34,HEGEMONY OVER ALBANIA,HEGEMONY OVER ALBANIA
29,HIJAZ/NAJD WAR,HIJAZ-NAJD WAR
107,HIROSHIMA-NAGASAKI,HIROSHIMA-NAGASAKI
134,HULA DRAINAGE,HULA DRAINAGE
155,HUNGARIAN UPRISING,HUNGARIAN UPRISING
6,HUNGARIAN WAR,HUNGARIAN WAR
474,HUTHI REBELLION,
124,HYDERABAD,HYDERABAD
160,IFNI,IFNI
378,INDIA INT./SRI LANKA,INDIA INTERVENTION IN SRI LANKA
435,INDIA PARLIAMENT ATTACK,INDIAN PARLIAMENT ATTACK
473,INDIA-PAKISTAN BORDER FIRING,India-Pakistan Border Firing1
425,INDIA/PAKISTAN NUCLEAR TESTS,INDIA-PAKISTAN NUCLEAR TESTS
109,INDONESIA INDEP. I,INDONESIA INDEPENDENCE I
116,INDONESIA INDEP. II,INDONESIA INDEPENDENCE II
127,INDONESIA INDEP. III,INDONESIA INDEPENDENCE III
71,INVASION OF ALBANIA,INVASION OF ALBANIA
237,INVASION OF CAMBODIA,INVASION OF CAMBODIA
343,INVASION OF GRENADA,INVASION OF GRENADA
139,INVASION OF LAOS I,INVASION OF LAOS I
241,INVASION OF LAOS II,INVASION OF LAOS II
391,INVASION OF PANAMA,INVASION OF PANAMA
77,INVAS.-SCANDINAVIA,INVASION OF SCANDINAVIA
442,IRAN NUCLEAR I,IRAN NUCLEAR I
448,IRAN NUCLEAR II,IRAN NUCLEAR II
448,IRAN NUCLEAR II,IRAN NUCLEAR II1
448,IRAN NUCLEAR II,IRAN NUCLEAR II2
96,IRAN-OIL CONCESSIONS,IRAN-OIL CONCESSIONS
252,IRAQ INVASION/KUWAIT,IRAQ INVASION-KUWAIT
269,IRAQI THREAT,IRAQI THREAT
165,IRAQ/LEB. UPHEAVAL,IRAQ-LEBANON UPHEAVAL
406,IRAQ NO-FLY ZONE,IRAQ NO-FLY ZONE
324,IRAQ NUCLEAR REACTOR,IRAQ NUCLEAR REACTOR
385,IRAQ RECAPTURE-AL-FAW,IRAQ RECAPTURE OF AL-FAW
440,IRAQ REGIME CHANGE,IRAQ REGIME CHANGE
440,IRAQ REGIME CHANGE,IRAQ REGIME CHANGE2
412,IRAQ DEPLOY./KUWAIT,IRAQ TROOP DEPLOYMENT-KUWAIT
451,ISRAEL LEBANON WAR II,ISRAEL-LEBANON WAR II
253,ISRAEL MOBILIZATION,ISRAEL MOBILIZATION
66,ITALY THREAT/FRANCE,ITALY THREAT-FRANCE
101,IWO JIMA,IWO JIMA
43,JEHOL CAMPAIGN,JEHOL CAMPAIGN
157,JORDAN REGIME,JORDAN REGIME
319,JORDAN/SYRIA CONFRNT.,JORDAN-SYRIA CONFRONTATION
203,JORDAN WATERS,JORDAN WATERS
118,JUNAGADH,JUNAGADH
436,KALUCHAK,KALUCHAK
226,KARAMEH,KARAMEH
431,KARGIL,KASHMIR IV KARGIL
21,KARL'S RETURN HUNGARY,KARL'S RETURN TO HUNGARY
106,KARS-ARDAHAN,KARS-ARDAHAN
119,KASHMIR I,KASHMIR I
216,KASHMIR II,KASHMIR II
392,KASHMIR III-NUCLEAR,KASHMIR III-NUCLEAR CONFRONTATION
49,KAUNAS TRIALS,KAUNAS TRIALS
201,KENYA/SOMALIA,KENYA-SOMALIA
382,KENYA/UGANDA BORDER,KENYA-UGANDA BORDER
335,KHORRAMSHAHR,KHORRAMSHAHR
475,KOREAN LAND MINE,Korean Land Mine1
132,KOREAN WAR I,KOREAN WAR I
133,KOREAN WAR II,KOREAN WAR II
140,KOREAN WAR III,KOREAN WAR III
430,KOSOVO,KOSOVO
183,KUWAIT INDEPENDENCE,KUWAIT INDEPENDENCE
265,LEB. CIVIL WAR,LEBANON CIVIL WAR
339,LESOTHO RAID,LESOTHO RAID
42,LETICIA,LETICIA
97,LEYTE CAMPAIGN,LEYTE CAMPAIGN
395,LIBERIA/SIERRA LEONE,LIBERIA-SIERRA LEONE
318,LIBYA INTERV./GAMBIA,LIBYA INTERVENTION IN THE GAMBIA
316,LIBYA/MALTA OIL DISP.,LIBYA-MALTA OIL DISPUTE
464,LIBYAN CIVILWAR,Libyan Civil War1
464,LIBYAN CIVILWAR,Libyan Civil War2
386,LIBYAN JETS,LIBYAN JETS
251,LIBYAN PLANE,LIBYAN PLANE
314,LIBYA THREAT-SADAT,LIBYA THREAT-SADAT
340,LIBYA THREAT/SUDAN,LIBYA THREAT TO SUDAN
289,LITANI OPERATION,LITANI OPERATION
130,LUPERON,LUPERON
99,LUZON,LUZON
345,MAITENGWE CLASHES,MAITENGWE CLASHES
197,MALAYSIA FEDERATION,MALAYSIA FEDERATION
177,MALI FEDERATION,MALI FEDERATION
191,MALI/MAURITANIA,MALI-MAURITANIA
278,MAPAI SEIZURE,MAPAI SEIZURE
56,MARCO POLO BRIDGE,MARCO POLO BRIDGE
115,MARSHALL PLAN,MARSHALL PLAN
387,MAURITANIA/SENEGAL,MAURITANIA-SENEGAL
259,MAYAGUEZ,MAYAGUEZ
379,MECCA PILGRIMAGE,MECCA PILGRIMAGE
69,MEMEL,MEMEL
169,MEX./GUAT. FISHING,MEXICO-GUATEMALA FISHING RIGHTS
84,MID-EAST CAMPAIGN,MID-EAST CAMPAIGN
156,MOCORON INCIDENT,MOCORON INCIDENT
261,MOROCCAN MARCH,MOROCCAN MARCH
31,MOSUL LAND DISPUTE,MOSUL LAND DISPUTE
323,MOZAMBIQUE RAID,MOZAMBIQUE RAID
367,MOZAMBIQUE ULTIMATUM,MOZAMBIQUE ULTIMATUM
39,MUKDEN INCIDENT,MUKDEN INCIDENT
64,MUNICH,MUNICH
437,MYANMAR-THAILAND,MYANMAR-THAILAND
408,N. KOREA NUCLEAR I,NORTH KOREA NUCLEAR I
408,N. KOREA NUCLEAR I,NORTH KOREA NUCLEAR I1
408,N. KOREA NUCLEAR I,NORTH KOREA NUCLEAR I2
441,N. KOREA NUCLEAR II,NORTH KOREA NUCLEAR II
450,N. KOREA NUCLEAR III,NORTH KOREA NUCLEAR III
450,N. KOREA NUCLEAR III,NORTH KOREA NUCLEAR III1
450,N. KOREA NUCLEAR III,NORTH KOREA NUCLEAR III2
459,N. KOREA NUCLEAR IV-SATELLITE LAUNCH,
469,N. KOREA NUCLEAR V,North Korea Nuclear V1
469,N. KOREA NUCLEAR V,North Korea Nuclear V2
420,N. KOREAN SUBMARINE,NORTH KOREAN SUBMARINE
273,NAGOMIA RAID,NAGOMIA RAID
401,NAGORNYY-KARABAKH,NAGORNYY-KARABAKH
193,NAM THA,NAM THA
294,NICARAGUA CIV WAR II,NICARAGUA CIVIL WAR II
33,NICARAGUA CIVIL WAR I,NICARAGUA CIVIL WAR I
354,NICARAGUA MIG-21S,NICARAGUA MIG-21S
72,NOMONHAN,NOMONHAN
248,NORTH/SOUTH YEMEN I,NORTH-SOUTH YEMEN I
301,NORTH/SOUTH YEMEN II,NORTH-SOUTH YEMEN II
268,NOUAKCHOTT I,NOUAKCHOTT I
280,NOUAKCHOTT II,NOUAKCHOTT II
87,OCCUPATION OF IRAN,OCCUPATION OF IRAN
255,OCTOBER-YOM KIPPUR WAR,OCTOBER-YOM KIPPUR WAR
208,OGADEN I,OGADEN I
282,OGADEN II,OGADEN II
338,OGADEN III,OGADEN III
103,OKINAWA,OKINAWA
256,OMAN/SOUTH YEMEN,OMAN-SOUTH YEMEN
350,OMDURMAN BOMBING,OMDURMAN BOMBING
317,ONSET IRAN/IRAQ WAR,ONSET IRAN-IRAQ WAR
347,OPERATION ASKARI,OPERATION ASKARI
312,OPERATION IMAN,OPERATION IMAN
331,OPERATION PROTEA,OPERATION PROTEA
313,OPERATION SMOKESHELL,OPERATION SMOKESHELL
276,OPERATION TANGENT,OPERATION TANGENT
267,OPERATION THRASHER,OPERATION THRASHER
418,OPRN GRAPES OF WRATH,OPERATION GRAPES OF WRATH
409,OPTN. ACCOUNTABILITY,OPERATION ACCOUNTABILITY
120,PAL. PRT./ISRAEL IND.,PALESTINE PARTITION/ISRAEL INDEPENDENCE
206,PANAMA FLAG,PANAMA FLAG
59,PANAY INCIDENT,PANAY INCIDENT
439,PANKISI GORGE,PANKISI GORGE
404,PAPUA/SOLOMON,PAPUA NEW GUINEA-SOLOMON
438,PARSLEY ISLAND,PARSLEY ISLAND
180,PATHET LAO OFFENSIVE,PATHET LAO OFFENSIVE
88,PEARL HARBOR,PEARL HARBOR
14,PERSIAN BORDER,PERSIAN BORDER
213,PLEIKU,PLEIKU
154,POLAND LIBERALIZATION,POLAND LIBERALIZATION
61,POLISH ULTIMATUM,POLISH ULTIMATUM
13,POLISH/RUSSIAN WAR,POLISH-RUSSIAN WAR
274,POPLAR TREE,POPLAR TREE
57,POSTAGESTAMP CRISIS,POSTAGE STAMP CRISIS
227,PRAGUE SPRING,PRAGUE SPRING
457,PREAH VIHEAR TEMPLE I,Preah Vihear Temple I1
463,PREAH VIHEAR TEMPLE II,Preah Vihear Temple II1
224,PUEBLO,PUEBLO
135,PUNJAB WAR SCARE I,PUNJAB WAR SCARE I
372,PUNJAB WAR SCARE II,PUNJAB WAR SCARE II
129,PUSHTUNISTAN I,PUSHTUNISTAN I
150,PUSHTUNISTAN II,PUSHTUNISTAN II
182,PUSHTUNISTAN III,PUSHTUNISTAN III
153,QALQILYA,QALQILYA
143,QIBYA,QIBYA
308,RAID ON ANGOLA,RAID ON ANGOLA
311,RAID ON GAFSA,RAID ON GAFSA
302,RAIDS ON SWAPO,RAIDS ON SWAPO
300,RAIDS ON ZIPRA,RAIDS ON ZIPRA
214,RANN OF KUTCH,RANN OF KUTCH
366,REBEL ATTACK ON UGANDA,REBEL ATTACK ON UGANDA
416,RED SEA ISLANDS,RED SEA ISLANDS
51,REMILIT. RHINELAND,REMILITARIZATION OF THE RHINELAND
12,RHENISH REBELLIONS,RHENISH REBELLIONS
283,RHODESIA RAID,RHODESIA RAID
307,RHODESIA SETTLEMENT,RHODESIA SETTLEMENT
218,RHODESIA'S UDI,RHODESIA'S UDI
80,ROMANIAN TERRITORY,ROMANIAN TERRITORY
173,ROTTEM,ROTTEM
27,RUHR I,RUHR I
30,RUHR II,RUHR II
1,RUSSIAN CIVIL WAR I,RUSSIAN CIVIL WAR I
3,RUSSIAN CIVIL WAR II,RUSSIAN CIVIL WAR II
458,RUSSO-GEORGIAN WAR,Russo-Georgian War1
394,RWANDA/UGANDA,RWANDA-UGANDA
365,S. AFRICA CROSS BORDER RAID,SOUTH AFRICA CROSS BORDER RAID
380,S. AFRICA INTERVENTION IN ANGOLA,SOUTH AFRICA INTERVENTION IN ANGOLA
360,S. AFRICA RAID ON LESOTHO,SOUTH AFRICA RAID ON LESOTHO
445,S. OSSETIA/ABKHAZIA,SOUTH OSSETIA-ABKHAZIA
375,SAND WALL,SAND WALL
44,SAUDI/YEMEN WAR,SAUDI-YEMEN WAR
467,SCARBOROUGH SHOAL,Scarborough Shoal1
467,SCARBOROUGH SHOAL,Scarborough Shoal2
277,SHABA I,SHABA I
292,SHABA II,SHABA II
40,SHANGHAI,SHANGHAI
35,SHANTUNG,SHANTUNG
172,SHATT-AL-ARAB I,SHATT-AL-ARAB I
234,SHATT-AL-ARAB II,SHATT-AL-ARAB II
128,SINAI INCURSION,SINAI INCURSION
371,SINO/VIETNAM BORDER,SINO-VIETNAM BORDER
352,SINO/VIETNAM CLASHES,SINO-VIETNAM CLASHES
298,SINO/VIETNAM WAR,SINO-VIETNAM WAR
222,SIX DAY WAR,SIX DAY WAR
405,SLEEPING DOG HILL,SLEEPING DOG HILL
7,SMYRNA,SMYRNA
315,SOLIDARITY,SOLIDARITY
131,SOV. BLOC-YUGOSLAVIA,SOVIET BLOC-YUGOSLAVIA
122,SOV. NOTE/FINLAND I,SOVIET NOTE TO FINLAND I
189,SOV. NOTE/FINLAND II,SOVIET NOTE TO FINLAND II
75,SOVIET OCCUP.-BALTIC,SOVIET OCCUPATION OF THE BALTIC
93,SOVIET OCCUP.-E. EUR,SOVIET OCCUPATION OF EAST EUROPE
306,SOVIET THREAT/PAK.,SOVIET THREAT-PAKISTAN
52,SPANISH CIVIL WAR I,SPANISH CIVIL WAR I
54,SPANISH CIVIL WAR II,SPANISH CIVIL WAR II
65,SPANISH CIVIL WAR III,SPANISH CIVIL WAR III
67,SPANISH CIVIL WAR IV,SPANISH CIVIL WAR IV
384,SPRATLY ISLANDS I,SPRATLY ISLANDS I
414,SPRATLY ISLANDS II,SPRATLY ISLANDS II
89,STALINGRAD,STALINGRAD
271,SUDAN COUP ATTEMPT,SUDAN COUP ATTEMPT
466,SUDAN-SOUTH SUDAN,Sudan-South Sudan1
466,SUDAN-SOUTH SUDAN,Sudan-South Sudan2
136,SUEZ CANAL,SUEZ CANAL
152,SUEZ NATN.-WAR,SUEZ NATIONALIZATION-WAR
470,SYRIA CHEMICAL WEAPONS,Syria Chemical Weapons1
275,SYRIA MOBILIZATION,SYRIA MOBILIZATION
468,SYRIA-TURKEY BORDER INCIDENTS,Syria-Turkey Border Incidents1
428,SYRIA/TURKEY,SYRIA-TURKEY
159,SYRIA/TURKEY CONFRNT.,SYRIA-TURKEY CONFRONTATION
374,SYRIAN INT./LEBANON,SYRIA INTERVENTION IN LEBANON
146,TAIWAN STRAIT I,TAIWAN STRAIT I
166,TAIWAN STRAIT II,TAIWAN STRAIT II
192,TAIWAN STRAIT III,TAIWAN STRAIT III
415,TAIWAN STRAIT IV,TAIWAN STRAIT IV
299,TAN TAN,TAN TAN
245,TANZANIA/UGANDA I,TANZANIA-UGANDA I
247,TANZANIA/UGANDA II,TANZANIA-UGANDA II
5,TESCHEN,TESCHEN
225,TET OFFENSIVE,TET OFFENSIVE
8,THIRD AFGHAN WAR,THIRD AFGHAN WAR
353,THREE VILLAGE BDR. I,THREE VILLAGE BORDER I
381,THREE VILLAGE BDR. II,THREE VILLAGE BORDER II
73,TIENTSIN,TIENTSIN
373,TODGHERE INCIDENT,TODGHERE INCIDENT
104,TRIESTE I,TRIESTE I
142,TRIESTE II,TRIESTE II
114,TRUMAN DOCTRINE,TRUMAN DOCTRINE
476,TURKEY-RUSSIA JET INCIDENT,Turkey-Russia Jet Incident1
476,TURKEY-RUSSIA JET INCIDENT,Turkey-Russia Jet Incident2
111,TURKISH STRAITS,TURKISH STRAITS
333,U-137 INCIDENT,U-137 INCIDENT
266,UGANDA CLAIMS,UGANDA CLAIMS
422,UNSCOM I,UNSCOM I
429,UNSCOM II,UNSCOM II OPERATION DESERT FOX
427,US EMBASSY BOMBINGS,US EMBASSY BOMBINGS
309,US HOSTAGES IN IRAN,US HOSTAGES IN IRAN
231,USSURI RIVER,USSURI RIVER
186,VIET CONG ATTACK,VIETCONG ATTACK
351,VIETNAM INCURSION INTO THAILAND,VIETNAM INCURSION INTO THAILAND
284,VIETNAM INV./CAMBODIA,VIETNAM INVASION OF CAMBODIA
284,VIETNAM INV./CAMBODIA,VIETNAM INVASION OF CAMBODIA1
284,VIETNAM INV./CAMBODIA,VIETNAM INVASION OF CAMBODIA2
246,VIETNAM PORTS MINING,VIETNAM PORTS MINING
230,VIETNAM SPRING OFF.,VIETNAM SPRING OFFENSIVE
17,VILNA I,VILNA I
36,VILNA II,VILNA II
260,WAR IN ANGOLA,WAR IN ANGOLA
260,WAR IN ANGOLA,WAR IN ANGOLA1
260,WAR IN ANGOLA,WAR IN ANGOLA2
337,WAR IN LEBANON,WAR IN LEBANON
232,WAR OF ATTRITION,WAR OF ATTRITION
161,WEST IRIAN I,WEST IRIAN I
187,WEST IRIAN II,WEST IRIAN II
195,YEMEN WAR I,YEMEN WAR I
209,YEMEN WAR II,YEMEN WAR II
212,YEMEN WAR III,YEMEN WAR III
219,YEMEN WAR IV,YEMEN WAR IV
462,YEONPYEONG ISLAND,Yeonpyeong Island1
397,YUGOSLAVIA I: CROATIA-SLOVENIA,
403,YUGOSLAVIA II: BOSNIA,
421,ZAIRE CIVILWAR,ZAIRE CIVIL WAR
250,ZAMBIA RAID,ZAMBIA RAID
